Dose,eff.Cave.nM,eff.Cmax.nM
300 mg QD,304.3340726,488.9426768
400 mg QD,445.394026,692.0156956
600 mg QD,574.2361881,935.3674401
400 mg BID,759.7244733,986.7887913