primary,secondary,drug,ab.IC50,hill,free.Cave,eff.Cave,free.Cave.alpha,eff.Cave.alpha,Actual_Clinical
Ex9Mut,,Imatinib,120.5,2.330333333,202.62,719.1232229,0.490590949,1.392770262,TRUE
Ex9Mut,V654A,Imatinib,1640.1,2.532333333,202.62,719.1232229,0.001667084,0.038950469,TRUE
Ex9Mut,D816H,Imatinib,1137.333333,3.501666667,202.62,719.1232229,0.000792309,0.061009978,TRUE
Ex9Mut,,Sunitinib,6.961333333,2.639333333,6.8,69.34204565,0.220893927,2.023099771,FALSE
Ex9Mut,V654A,Sunitinib,6.857,1.453,6.8,69.34204565,0.229033724,1.13200182,NA
Ex9Mut,D816H,Sunitinib,286.8333333,5.096333333,6.8,69.34204565,1.74E-09,0.000239969,NA
Ex9Mut,,Ponatinib,NA,NA,NA,NA,NA,NA,NA
Ex9Mut,V654A,Ponatinib,NA,NA,NA,NA,NA,NA,NA
Ex9Mut,D816H,Ponatinib,NA,NA,NA,NA,NA,NA,NA
Ex11Mut,,Imatinib,7.9575,3.8075,202.62,355.9058559,4.108569925,4.823533282,FALSE
Ex11Mut,V654A,Imatinib,409.375,2.4575,202.62,355.9058559,0.054485957,0.17862713,TRUE
Ex11Mut,T670I,Imatinib,5622,3.18625,202.62,355.9058559,8.40E-06,5.06E-05,TRUE
Ex11Mut,D816H,Imatinib,1261.5,1.875,202.62,355.9058559,0.010636458,0.029714437,TRUE
Ex11Mut,D820A,Imatinib,223.4,3.384,202.62,355.9058559,0.180512413,0.587973461,TRUE
Ex11Mut,N822K,Imatinib,129.7,1.1049,202.62,355.9058559,0.323222177,0.46628692,TRUE
Ex11Mut,A829P,Imatinib,175.6,1.655,202.62,355.9058559,0.272859681,0.479895678,TRUE
Ex11Mut,,Sunitinib,2.60375,2.907,6.8,66.27330542,0.950068228,3.136519914,FALSE
Ex11Mut,V654A,Sunitinib,10.67825,2.0655,6.8,66.27330542,0.11065724,1.264501903,FALSE
Ex11Mut,T670I,Sunitinib,9.11925,2.3,6.8,66.27330542,0.137187054,1.524069339,FALSE
Ex11Mut,D816H,Sunitinib,239.2833333,2.101333333,6.8,66.27330542,0.000187606,0.021726989,TRUE
Ex11Mut,D820A,Sunitinib,135.65,4.087,6.8,66.27330542,1.62E-06,0.017382691,TRUE
Ex11Mut,N822K,Sunitinib,223.75,2.0905,6.8,66.27330542,0.000224343,0.025216057,TRUE
Ex11Mut,A829P,Sunitinib,151.1,2.0585,6.8,66.27330542,0.000562621,0.056107995,NA
Ex11Mut,,Ponatinib,1.586333333,3.505333333,0.101,18.32879446,2.14E-05,2.859302407,FALSE
Ex11Mut,V654A,Ponatinib,57.60666667,2.883,0.101,18.32879446,3.77E-09,0.012055187,TRUE
Ex11Mut,T670I,Ponatinib,7.652,5.915333333,0.101,18.32879446,2.54E-12,1.724255191,NA
Ex11Mut,D816H,Ponatinib,142.005,2.4085,0.101,18.32879446,8.73E-09,0.002397456,NA
Ex11Mut,D820A,Ponatinib,3.551,5.432,0.101,18.32879446,1.33E-09,2.971790642,FALSE
Ex11Mut,N822K,Ponatinib,2.7455,2.846,0.101,18.32879446,2.76E-05,1.802550641,FALSE
Ex11Mut,A829P,Ponatinib,NA,NA,NA,NA,NA,NA,NA
