primary,secondary,drug,ab.IC50,hill,free.Cave,eff.Cave,free.Cave.alpha,eff.Cave.alpha,Actual_Clinical
Ex19Del,,Afatinib,NA,NA,NA,NA,NA,NA,FALSE
Ex19Del,T,Afatinib,63.45,1.025,2.7,7.411199046,0.012856769,0.034996483,TRUE
Ex19Del,TC,Afatinib,1061,2.874,2.7,7.411199046,1.17E-08,2.12E-07,TRUE
Ex19Del,,Brigatinib,83.55,2.471,477.18,272.1057574,1.439664333,0.990091201,NA
Ex19Del,T,Brigatinib,150,1.226,477.18,272.1057574,0.545175173,0.374477684,TRUE
Ex19Del,TC,Brigatinib,429.1,2.472,477.18,272.1057574,0.277668686,0.093635538,TRUE
Ex19Del,,Erlotinib,9.18,1.711,204.89,424.6968101,1.772777053,2.187328019,FALSE
Ex19Del,T,Erlotinib,3679,1.508,204.89,424.6968101,0.004253609,0.012608453,TRUE
Ex19Del,TC,Erlotinib,6830,1.682,204.89,424.6968101,0.00091362,0.003103051,TRUE
Ex19Del,,Gefitinib,8.033,2.055,45.6,100.6755845,1.198671563,1.733758091,FALSE
Ex19Del,T,Gefitinib,3097,2.05,45.6,100.6755845,5.85E-05,0.000296654,TRUE
Ex19Del,TC,Gefitinib,5427,2.736,45.6,100.6755845,6.98E-07,6.10E-06,TRUE
Ex19Del,,Osimertinib,NA,NA,NA,NA,NA,NA,FALSE
Ex19Del,T,Osimertinib,4.201,3.008,26.4,40.81156262,1.844263787,2.280062719,FALSE
Ex19Del,TC,Osimertinib,1223,9.836,26.4,40.81156262,0,9.62E-16,TRUE
L858R,,Afatinib,0.07879,5.055,2.7,15.18692576,5.955162335,8.865465915,FALSE
L858R,T,Afatinib,79.96,1.641,2.7,15.18692576,0.00128026,0.021145062,TRUE
L858R,TC,Afatinib,755,2.307,2.7,15.18692576,7.56E-07,4.07E-05,TRUE
L858R,,Brigatinib,224.5,1.834,477.18,369.5046567,0.535566226,0.417008998,NA
L858R,T,Brigatinib,165.1,0.533,477.18,369.5046567,0.338491367,0.310238322,TRUE
L858R,TC,Brigatinib,95.11,0.7693,477.18,369.5046567,0.498254756,0.448548839,TRUE
L858R,,Erlotinib,7.238,1.498,204.89,383.7144302,1.671556069,1.983499118,FALSE
L858R,T,Erlotinib,5475,1.581,204.89,383.7144302,0.001844191,0.004949734,TRUE
L858R,TC,Erlotinib,918.5,0.6863,204.89,383.7144302,0.101792571,0.145943645,TRUE
L858R,,Gefitinib,13.24,1.548,45.6,94.18992578,0.683962668,1.028045174,FALSE
L858R,T,Gefitinib,3878,1.754,45.6,94.18992578,0.000137466,0.000490394,TRUE
L858R,TC,Gefitinib,817.3,0.8479,45.6,94.18992578,0.027666792,0.049497703,TRUE
L858R,,Osimertinib,1.929,2.419,26.4,46.90074243,2.110254203,2.573183338,FALSE
L858R,T,Osimertinib,2.61,1.503,26.4,46.90074243,1.169455354,1.451540506,FALSE
L858R,TC,Osimertinib,512.4,2.176,26.4,46.90074243,0.000524611,0.001828373,TRUE
